{
  "system": "ours",
  "model": "Qwen3Omni",
  "request_type": "text_to_speech",
  "profiling_type": "offline",
  "num_requests": 1,
  "num_warmup": 0,
  "completed": 1,
  "failed": 0,
  "wall_time_s": 5.246929487911984,
  "jct_mean_ms": 5236.350913066417,
  "jct_median_ms": 5236.350913066417,
  "jct_p90_ms": 5236.350913066417,
  "jct_p95_ms": 5236.350913066417,
  "jct_p99_ms": 5236.350913066417,
  "request_throughput": 0.19058765746782505,
  "per_request": [
    {
      "request_id": 0,
      "jct_ms": 5236.350913066417,
      "type": "text_to_speech",
      "output_bytes": {
        "text": 58,
        "audio": 134400
      }
    }
  ]
}